"Qty";"Value";"Device";"Package";"Parts";"Description";"POPULARITY";"SPICEPREFIX";
"1";"";"DO41.3";"DO41-3";"D2";"1N400x, 1N5817";"";"";
"1";"";"DPDT.LUGS";"DPDT.LUGS";"SYNC";"DPDT Switches";"";"";
"2";"";"PT2399_TH";"DIP16";"IC2, IC3";"Delay";"";"";
"1";"";"SPDT.LUGS";"SPDT.LUGS";"MOD";"SPDT Switches";"";"";
"2";"100k";"R-US_0204/5";"0204/5";"R25, R31";"RESISTOR, American symbol";"18";"R";
"11";"100n";"C-EU050-025X075";"C050-025X075";"C1, C2, C5, C10, C11, C16, C17, C18, C23, C24, C37";"CAPACITOR, European symbol";"29";"C";
"2";"100p";"C-EU050-025X075";"C050-025X075";"C30, C32";"CAPACITOR, European symbol";"29";"C";
"2";"100u";"CPOL-USE2.5-6";"E2,5-6";"C34, C36";"POLARIZED CAPACITOR, American symbol";"14";"C";
"11";"10k";"R-US_0204/5";"0204/5";"R7, R9, R10, R11, R13, R14, R16, R17, R18, R32, R33";"RESISTOR, American symbol";"18";"R";
"2";"180k";"R-US_0204/5";"0204/5";"R2, R38";"RESISTOR, American symbol";"18";"R";
"2";"1M";"R-US_0204/5";"0204/5";"R1, R37";"RESISTOR, American symbol";"18";"R";
"2";"1k";"R-US_0204/5";"0204/5";"R24, R30";"RESISTOR, American symbol";"18";"R";
"4";"1n";"C-EU050-025X075";"C050-025X075";"C9, C13, C21, C22";"CAPACITOR, European symbol";"29";"C";
"1";"1oon";"C-EU050-025X075";"C050-025X075";"C6";"CAPACITOR, European symbol";"29";"C";
"8";"1u";"C-EU050-050X075";"C050-050X075";"C7, C15, C27, C28, C29, C31, C33, C40";"CAPACITOR, European symbol";"1";"C";
"2";"220k";"R-US_0204/5";"0204/5";"R3, R39";"RESISTOR, American symbol";"18";"R";
"7";"22k";"R-US_0204/5";"0204/5";"R21, R22, R23, R26, R27, R28, R29";"RESISTOR, American symbol";"18";"R";
"1";"25k";"TRIM_US-B25P";"B25P";"RLED";"POTENTIOMETER";"5";"";
"1";"27k";"R-US_0204/5";"0204/5";"R19";"RESISTOR, American symbol";"18";"R";
"4";"2k2";"R-US_0204/5";"0204/5";"R4, R20, R35, R40";"RESISTOR, American symbol";"18";"R";
"1";"470k";"R-US_0204/5";"0204/5";"R36";"RESISTOR, American symbol";"18";"R";
"1";"470n";"C-EU050-045X075";"C050-045X075";"C39";"CAPACITOR, European symbol";"1";"C";
"2";"47p";"C-EU050-025X075";"C050-025X075";"C3, C38";"CAPACITOR, European symbol";"29";"C";
"3";"47u";"CPOL-USE2.5-6";"E2,5-6";"C4, C19, C35";"POLARIZED CAPACITOR, American symbol";"14";"C";
"6";"4n7";"C-EU050-025X075";"C050-025X075";"C8, C12, C14, C20, C25, C26";"CAPACITOR, European symbol";"29";"C";
"2";"50kB";"16MM.1";"16MM_B.MOUNT";"MIX2, TIME2";"16mm Poteniometers";"";"";
"3";"50kB";"DUALGANG.2";"16MM_DUALGANG";"FB, MIX1, TIME1";"Dual-Gan Potentiometers";"";"";
"5";"6k8";"R-US_0204/5";"0204/5";"R5, R6, R8, R12, R15";"RESISTOR, American symbol";"18";"R";
"2";"LED.3";"LED.3";"3MM_2";"D1, D3";"LEDs, all sizes";"";"";
"1";"LM78L.";"LM78L.";"TO92";"REG1";"TO-92 Type, 100mA";"";"";
"16";"LSP10";"LSP10";"LSP10";"+9V, DLA2, GND, GND_IN, GND_OUT, INL, INR, L, LED, MONO, OUT_L, OUT_R, R, R_SRC, ST, SW";"SOLDER PAD drill 1.0 mm, distributor Buerklin, 12H555";"52";"";
"1";"TL074P";"TL074P";"DIL14";"IC1";"OP AMP";"0";"";
